BEGIN TRANSACTION;
CREATE TABLE IF NOT EXISTS "clients" (
	"id"	INTEGER NOT NULL,
	"firstname"	TEXT NOT NULL,
	"lastname"	TEXT NOT NULL,
	"email"	TEXT,
	"phone"	TEXT,
	"address"	TEXT,
	"zip"	TEXT,
	"city"	TEXT,
	"state"	TEXT,
	PRIMARY KEY("id" AUTOINCREMENT)
);
CREATE TABLE IF NOT EXISTS "employees" (
	"id"	INTEGER NOT NULL,
	"firstname"	TEXT NOT NULL,
	"lastname"	TEXT NOT NULL,
	"birth"	TEXT,
	"email"	TEXT,
	"phone"	TEXT,
	"address"	TEXT,
	"zip"	TEXT,
	"idjob"	INTEGER NOT NULL,
	"city"	TEXT,
	"state"	TEXT,
	CONSTRAINT "job" FOREIGN KEY("idjob") REFERENCES "jobs",
	PRIMARY KEY("id" AUTOINCREMENT)
);
CREATE TABLE IF NOT EXISTS "jobs" (
	"id"	INTEGER NOT NULL,
	"name"	TEXT NOT NULL,
	PRIMARY KEY("id" AUTOINCREMENT)
);
CREATE TABLE IF NOT EXISTS "orders" (
	"id"	INTEGER NOT NULL,
	"idclient"	INTEGER NOT NULL,
	"idproduct"	INTEGER NOT NULL,
	"quantity"	INTEGER NOT NULL,
	"data"	TEXT NOT NULL,
	FOREIGN KEY("idproduct") REFERENCES "products",
	FOREIGN KEY("idclient") REFERENCES "clients",
	PRIMARY KEY("id" AUTOINCREMENT)
);
CREATE TABLE IF NOT EXISTS "products" (
	"id"	INTEGER NOT NULL,
	"name"	TEXT NOT NULL,
	"quantity"	INTEGER NOT NULL,
	PRIMARY KEY("id" AUTOINCREMENT)
);
CREATE TABLE IF NOT EXISTS "users" (
	"login"	TEXT NOT NULL,
	"password"	TEXT NOT NULL,
	"idrole"	INTEGER NOT NULL,
	FOREIGN KEY("idrole") REFERENCES "roles",
	PRIMARY KEY("login")
);
CREATE TABLE IF NOT EXISTS "roles" (
	"id"	INTEGER NOT NULL,
	"name"	TEXT NOT NULL,
	PRIMARY KEY("id")
);
INSERT INTO "clients" ("id","firstname","lastname","email","phone","address","zip","city","state") VALUES (1,'Tina','Wise','wise email.com','+1-447-723-8149x8108','706 Williams Rapids Suite 512','26920','Lynchbury','Virginia'),
 (2,'Misty','Miller','miller email.com','001-724-759-2453','1167 Green Trafficway Apt. 384','19439','Janiceburgh','Florida'),
 (3,'Kenneth','Hernandez','hernandez email.com','769-098-5486x25382','15715 Torres Camp','96821','East Tonyfort','Delaware'),
 (4,'Joseph','Pruitt','pruitt email.com','336.405.1343x71644','2209 Haynes Creek Apt. 738','16603','Lake Chad','North Carolina'),
 (5,'Christopher','Gates','gates email.com','+1-103-102-7715x01955','008 Singh Valleys','11970','East James','Nebraska'),
 (6,'Thomas','Leblanc','leblanc email.com','+1-907-899-4567','1248 Michael Mission Suite 804','12214','West Nicholas','Kentucky'),
 (7,'Andrew','Bailey','bailey email.com','(947)121-7306x683','428 Osborne Mills','00903','Nicholsonborough','Maine'),
 (8,'Summer','Wilcox','wilcox email.com','(315)391-9690x3505','631 Jeffery Row Suite 347','87353','Nelsonberg','Texas'),
 (9,'John','White','white email.com','+1-037-826-0758x91688','853 Michelle Views Suite 827','14051','Lake Jesse','Tennessee'),
 (10,'George','Lambert','lambert email.com','613.391.6740','042 Thomas Ports Suite 238','29041','South Stephanie','Oklahoma'),
 (11,'Yvonne','Reese','reese email.com','912.133.1914','58935 Aguilar Wells','57811','Lake Laurietown','North Dakota'),
 (12,'Melinda','Glover','glover email.com','0533700420','02114 Luke Fort Apt. 375','54589','Jacksonhaven','Minnesota'),
 (13,'Brandi','Edwards','edwards email.com','4114131895','6162 Hahn Points','32686','Meadowstown','Montana'),
 (14,'Margaret','Rogers','rogers email.com','001-241-336-4168x37759','8725 Brown Manors','98436','Port Zachary','Washington'),
 (15,'George','Garcia','garcia email.com','697.989.9379x70276','376 Hernandez Locks Suite 907','60510','Douglasberg','Arkansas'),
 (16,'Nicholas','Foster','foster email.com','(686)834-7587','711 Ball Harbors Apt. 596','85201','Port Thomas','Arkansas'),
 (17,'Sharon','Pope','pope email.com','001-653-674-4240x93928','08250 Charlotte Squares','47717','West Jason','Nebraska'),
 (18,'Christian','Delgado','delgado email.com','+1-799-017-3947','180 Taylor Brooks Apt. 207','00687','Stephaniemouth','New Jersey'),
 (19,'Rachael','Williams','williams email.com','984-177-6740x89308','31750 Melissa Park','37561','Lake Stephaniehaven','Kansas'),
 (20,'Richard','Arroyo','arroyo email.com','+1-874-619-1860x767','7195 Angela Hollow','90398','New Angelafort','Wisconsin'),
 (21,'Sandra','Ramirez','ramirez email.com','866-006-2179','1878 Randolph Motorway','67967','New Brandon','Texas'),
 (22,'Todd','Cherry','cherry email.com','987-433-6656','2998 David Wall Suite 928','69726','Port Raymond','Massachusetts'),
 (23,'Daniel','Brooks','brooks email.com','(060)114-0491x01268','98182 Peterson Place','30091','Port Angela','New Mexico'),
 (24,'Brian','Dillon','dillon email.com','(590)354-2834','43281 Jennifer Dale Suite 872','28920','North Christopherberg','Hawaii'),
 (25,'Randy','Richardson','richardson email.com','0334039151','565 Brian Common Suite 792','87204','South Danielleberg','Connecticut'),
 (26,'Donna','Hughes','hughes email.com','599.522.6656','440 Amanda Light Apt. 798','54319','South Timothymouth','Georgia'),
 (27,'Samuel','Wagner','wagner email.com','9993684512','261 Walker Street','44853','North Robin','Mississippi'),
 (28,'Carrie','Macias','macias email.com','(314)098-1493','115 Ryan Rest','14353','Douglasmouth','Pennsylvania'),
 (29,'Michelle','Thomas','thomas email.com','001-392-941-0514x3910','798 Griffith Points','84355','Port Gary','Maine'),
 (30,'Mary','Buchanan','buchanan email.com','001-116-393-6296x0708','01837 Carr Course Apt. 221','52781','Lake Samanthaview','Texas'),
 (31,'Andrew','Bell','bell email.com','001-192-319-2727x503','896 Nancy Village Suite 724','21466','North Sandra','Wyoming'),
 (32,'Jessica','Johnson','johnson email.com','+1-600-393-1237x29892','444 Castro Islands','59546','Powellberg','North Dakota'),
 (33,'Caleb','Gallagher','gallagher email.com','8446963748','652 David Lodge Suite 739','80831','East David','New Jersey'),
 (34,'Michael','Woodard','woodard email.com','(376)970-3295x9950','89491 Cody Lodge Suite 246','18715','Wrightchester','South Carolina'),
 (35,'Mark','Sanders','sanders email.com','001-265-902-1397x0245','148 James Shoals Suite 710','80909','South Cindy','North Carolina'),
 (36,'Michelle','Dixon','dixon email.com','6842213554','793 Bradley Trail Apt. 939','14123','Schmidtville','California'),
 (37,'Denise','Aguilar','aguilar email.com','9265665706','685 Erika Mount Suite 653','45520','East Tinaburgh','Kansas'),
 (38,'Kevin','Banks','banks email.com','+1-215-344-4322x418','0240 Kimberly Stravenue','87468','Troyhaven','New York'),
 (39,'Charlotte','Anderson','anderson email.com','+1-979-574-7371','55024 Alyssa Key','97425','Smithstad','Kentucky'),
 (40,'Luke','Rodriguez','rodriguez email.com','(615)062-7628x6198','1622 Kelly Roads','80092','New Brendaborough','Mississippi'),
 (41,'Daniel','Nixon','nixon email.com','547.244.1259x5440','9965 Nancy Manors Suite 199','59722','West Kathryn','Alaska'),
 (42,'Robin','Simpson','simpson email.com','304-897-2326x24546','259 Adam Lake Suite 451','31797','Lake Carriefurt','Rhode Island'),
 (43,'Mary','Pierce','pierce email.com','001-384-405-8769','902 Wiggins Rue','85905','Jenniferside','New Jersey'),
 (44,'Paul','Hansen','hansen email.com','+1-639-978-0844x27227','19465 King Lake Apt. 167','90506','East Karahaven','Florida'),
 (45,'Katie','Valencia','valencia email.com','770.195.9637x5126','3112 Matthew Port','69523','Jenniferchester','New York'),
 (46,'Jon','Bush','bush email.com','795-058-2704x12971','5944 Davis Villages Apt. 157','25389','Port Julieton','Michigan'),
 (47,'James','Sullivan','sullivan email.com','501.797.3030','062 Ballard Walks','21399','Lake Rachel','North Dakota'),
 (48,'Catherine','Gross','gross email.com','001-835-908-2871x333','8481 Gross Bypass Suite 991','12119','South Gerald','Colorado'),
 (49,'Amy','Price','price email.com','001-199-181-8213x48733','40467 James Mills Apt. 061','67358','Cohenbury','North Dakota'),
 (50,'Sheila','Hogan','hogan email.com','(117)665-5241x633','6127 Joseph Roads','33894','Port Jennifer','California'),
 (51,'Andrea','Cohen','cohen email.com','313-601-8930x226','242 Chen Row Suite 462','43262','Grimesburgh','Colorado'),
 (52,'Adrian','Mclean','mclean email.com','734-430-9843','272 Brandt Gardens','56118','Medinaland','Nevada'),
 (53,'Shawn','Fuentes','fuentes email.com','541.416.6574x159','665 Derrick Rest','60683','Andersonside','Michigan'),
 (54,'Joshua','Santana','santana email.com','401.912.7683','192 Jose Neck','19482','West Lisa','New York'),
 (55,'Julie','Parker','parker email.com','001-377-472-4201','9864 Crosby Roads Apt. 779','27811','South Darrell','South Carolina'),
 (56,'Peter','Hunter','hunter email.com','001-820-224-6932x95068','2886 Candice Loaf Suite 755','51022','Lake Josephfurt','South Carolina'),
 (57,'April','Torres','torres email.com','001-324-969-2597x716','924 Rhonda Centers','70502','Kellyville','North Dakota'),
 (58,'Jennifer','Riley','riley email.com','+1-984-682-4554','6470 Christopher Light','39085','Port William','Nebraska'),
 (59,'Kayla','Pittman','pittman email.com','550.234.4039x90672','0736 Reed Estates Apt. 034','98724','Seanside','Minnesota'),
 (60,'Sean','Mcguire','mcguire email.com','598-836-8092','4270 Eric Curve','38992','Weeksmouth','Indiana'),
 (61,'Andrew','Gutierrez','gutierrez email.com','448.738.3014','416 Clark Dam Apt. 120','19415','East Paul','Alabama'),
 (62,'Debra','Anthony','anthony email.com','817-755-4212','525 Joe Pass','62695','Thompsonborough','Missouri'),
 (63,'Ronald','Rowe','rowe email.com','(505)734-1095x8732','7706 Banks Glens Suite 519','69218','Stewartfort','Louisiana'),
 (64,'Katelyn','Hoffman','hoffman email.com','584-942-8727','41997 Davis Path Suite 289','34853','Port David','Maine'),
 (65,'Angela','Hahn','hahn email.com','+1-069-581-2081x5975','824 Roger Club','47161','North Erika','Louisiana'),
 (66,'Rebecca','Luna','luna email.com','+1-827-421-9172','367 Adams Falls Apt. 318','32019','Timothyburgh','California'),
 (67,'Micheal','Morales','morales email.com','706-535-2194','4918 Latasha Creek','84819','East Tiffanymouth','Florida'),
 (68,'Philip','Lopez','lopez email.com','576.510.2977','379 Jacob Groves Apt. 476','32122','Jonesborough','North Carolina'),
 (69,'Joseph','James','james email.com','786.082.6902','342 Ashley Meadow','10217','Arnoldview','Louisiana'),
 (70,'Austin','Carrillo','carrillo email.com','(984)300-4685x915','2075 Rebekah Square','96228','Vincentmouth','Oklahoma'),
 (71,'Collin','Fernandez','fernandez email.com','(147)760-5706','521 Sosa Rue Apt. 764','65495','Taylorfort','Tennessee'),
 (72,'Tamara','Kelly','kelly email.com','657-174-7006x5888','713 Marvin Causeway Suite 401','29028','Stoneland','South Carolina'),
 (73,'Joseph','Hess','hess email.com','527.505.2275x169','162 Hunt Landing Apt. 784','12761','Hayesfurt','Maine'),
 (74,'Virginia','Crosby','crosby email.com','(972)857-1073x96611','8195 Zamora Point','87105','Port Michael','Missouri'),
 (75,'Shane','Proctor','proctor email.com','605-855-7803','69761 Gary Lake Apt. 429','34751','New Nancybury','California'),
 (76,'Joseph','Fox','fox email.com','473-511-6710','4182 Juarez Brook','70741','New Carolyn','Kentucky'),
 (77,'Colleen','Diaz','diaz email.com','+1-881-510-2226','35783 Morrow Manor','15561','Pettymouth','Wyoming'),
 (78,'Cynthia','West','west email.com','(878)532-9526x274','975 Sutton Pass Suite 488','20962','Jenkinshaven','Texas'),
 (79,'Matthew','Harrell','harrell email.com','308-459-2184','58972 Laura Terrace','87114','New Alexanderfurt','Delaware'),
 (80,'Logan','Day','day email.com','008.420.0572x7333','6875 Gregory Extensions','74469','East Kennethborough','Colorado'),
 (81,'Edward','Mcclure','mcclure email.com','0886884371','6436 Christy Greens','18958','Cainview','Idaho'),
 (82,'Anthony','Scott','scott email.com','7114413527','210 Allen Hollow','18684','Pearsonview','New York'),
 (83,'Geoffrey','Garrett','garrett email.com','735-760-0705x9879','8078 Travis Wall','21283','North Jonathan','Alaska'),
 (84,'Patrick','Thornton','thornton email.com','6123450076','0479 Lori Villages Suite 244','77630','Port Michellemouth','North Dakota'),
 (85,'Erin','Murray','murray email.com','(241)392-7181x909','0212 Nelson Summit Suite 443','36661','Lake Christopherbury','West Virginia'),
 (86,'Alison','Davis','davis email.com','844-503-3789x320','620 Kristen Cliff Apt. 678','34425','West Autumnberg','Maryland'),
 (87,'Shelley','Blanchard','blanchard email.com','+1-518-398-5669x242','12724 Jeffrey Ferry Suite 985','69543','North Nicholaston','Wisconsin'),
 (88,'Eric','Salinas','salinas email.com','+1-773-973-0395x868','5415 Blevins Plains','27042','Romeroland','New York'),
 (89,'Ricky','Baker','baker email.com','152.844.7071x867','2826 Davis Groves Suite 478','17736','Lake Heather','Ohio'),
 (90,'Lori','Bates','bates email.com','001-276-239-1270x991','650 Stevens Ferry','66473','New Christine','New Hampshire'),
 (91,'Juan','Fleming','fleming email.com','428.419.7359','307 White Lane','40629','Phillipsport','Florida'),
 (92,'Steven','Mccormick','mccormick email.com','1904913360','689 Johnson Underpass Suite 776','58738','Port Maria','Iowa'),
 (93,'Scott','Lee','lee email.com','+1-837-785-0463x75090','4814 Jared Green Apt. 556','56817','Carlaton','California'),
 (94,'Jamie','Mathis','mathis email.com','698-877-3411x036','3989 Dana Passage','82266','Caitlynmouth','Oregon'),
 (95,'Heather','Smith','smith email.com','152.084.8345','4305 Moreno Grove','36612','New Cassandraport','Connecticut'),
 (96,'Joseph','Bernard','bernard email.com','001-132-996-0993x738','57803 Walter Green','44481','Lake Christine','Missouri'),
 (97,'Christopher','Clark','clark email.com','(628)244-0758x1786','02549 Brandon Walks','89879','Mooretown','Illinois'),
 (98,'Joshua','Arias','arias email.com','231-571-6208x1323','516 Scott Knolls Suite 058','37280','Lake Kerri','Colorado'),
 (99,'Jeffrey','Perry','perry email.com','946-209-5555x881','809 Schaefer Rue Suite 427','14935','Holderborough','Nevada'),
 (100,'Alicia','Gomez','gomez email.com','9504588020','962 Hayes Pass Suite 741','91787','Smithmouth','New Jersey'),
 (101,'Dean','Perez','perez email.com','508.579.9217','935 Huber Squares Apt. 541','70431','Bonniechester','New Jersey'),
 (102,'Robin','Roberts','roberts email.com','001-726-698-7599x45284','7549 Jay Lane Apt. 310','87123','Lake Amanda','Michigan'),
 (103,'Stacey','Warner','warner email.com','552-503-6562','70289 Lucas Trail Apt. 326','27097','Samanthashire','Delaware'),
 (104,'Monica','Tran','tran email.com','656-451-4568x724','39392 Jackson Oval','66058','Mikeberg','Nebraska'),
 (105,'Stacey','Fisher','fisher email.com','+1-217-398-9077x4265','14676 David Plaza Apt. 437','26442','Port Stephaniebury','Mississippi'),
 (106,'Michael','Webb','webb email.com','947-825-6310x99161','260 Sullivan Estate','27466','South Amy','Rhode Island'),
 (107,'Sarah','Phelps','phelps email.com','(863)875-4413x6861','2407 Hernandez Spring Suite 869','57544','Justinville','Rhode Island'),
 (108,'Tracy','Nelson','nelson email.com','810.264.1483x6304','27943 Michelle Turnpike Suite 256','88340','North Tylermouth','Alabama'),
 (109,'Kiara','Stewart','stewart email.com','973-999-9569','3423 Bishop Hollow','90688','Youngburgh','Wisconsin'),
 (110,'Michael','Farrell','farrell email.com','+1-559-449-6331x5835','671 Reynolds Dam','38320','Lake Ashleyside','California'),
 (111,'Jennifer','Morrow','morrow email.com','+1-541-819-3753','3626 Miller Parkway','88788','Port Timothyport','California'),
 (112,'Austin','Wallace','wallace email.com','001-579-517-5370x1887','5884 Brown Estate','98255','Juliemouth','Connecticut'),
 (113,'Diana','Rose','rose email.com','(573)369-0357x1395','2821 Gonzales Views Suite 791','13422','Michelleville','Maryland'),
 (114,'Tony','Rivera','rivera email.com','770-613-7749x1432','369 Lewis Flats','80389','Kimberlyland','Colorado'),
 (115,'Mark','Murphy','murphy email.com','(865)800-2561x66551','429 Troy Points','05338','Paulborough','Wisconsin'),
 (116,'Jeffrey','Campbell','campbell email.com','(222)067-3985','04641 Bird Flat Apt. 304','05412','Caseyhaven','Kentucky'),
 (117,'Keith','Michael','michael email.com','001-274-310-8619x23179','51880 Linda Ports Apt. 645','88806','Kathleenfort','Alaska'),
 (118,'Justin','Shelton','shelton email.com','611-650-2921','81895 William Burgs Suite 737','47672','Monicaborough','Maryland'),
 (119,'Matthew','Wilson','wilson email.com','(635)018-2166','8004 Christopher Springs Suite 811','84445','Smithburgh','Ohio'),
 (120,'Jacqueline','Colon','colon email.com','401.167.9661x430','3568 Turner Loaf Apt. 938','06649','New Christopherfurt','Kansas'),
 (121,'Sherry','Shaw','shaw email.com','2130408827','928 Mccarthy Dale','02474','South Bryan','Tennessee'),
 (122,'Todd','Hill','hill email.com','001-099-388-0519x28488','272 Wendy Skyway Apt. 035','23448','Byrdton','New Hampshire'),
 (123,'Elizabeth','Hall','hall email.com','001.486.8351','629 Ryan Spring','67430','Dawsonville','Louisiana'),
 (124,'Kari','Navarro','navarro email.com','841.877.4754x50608','145 Juan Shore Apt. 620','47289','Lake Danny','Colorado'),
 (125,'Marc','Woods','woods email.com','745-145-7837','25177 Turner Ranch Apt. 454','14009','Shelleyton','Alaska'),
 (126,'Ashley','Parrish','parrish email.com','001-160-750-5701x188','390 Joseph Mount','90938','Alyssaville','Nevada'),
 (127,'Katie','Phillips','phillips email.com','296-303-0518x007','43501 Leslie Inlet','79135','Stevenchester','Nebraska'),
 (128,'Lisa','Frederick','frederick email.com','011-985-7113x171','3018 Brandon Spur','19371','Jacksonland','Colorado'),
 (129,'Todd','Li','li email.com','(020)400-3851x23629','40605 Brown Keys','27500','Mossmouth','Idaho'),
 (130,'Melanie','Griffith','griffith email.com','428.942.7522x3389','7659 Emily Mountain Suite 497','65247','Lake Tara','Oklahoma'),
 (131,'Veronica','Vazquez','vazquez email.com','(472)472-2646x4178','6051 Kenneth Springs','16322','Yatesland','Delaware'),
 (132,'Nicole','Moore','moore email.com','482.264.1028','9195 Mallory Street','15432','Garciastad','North Carolina'),
 (133,'Michael','Mclaughlin','mclaughlin email.com','+1-963-686-6218x90682','75411 Mark Locks','62563','Lake Aaron','Virginia'),
 (134,'Matthew','Barry','barry email.com','001-027-606-4921','25937 Brown Village','95922','Lake Alan','New Jersey'),
 (135,'Tyler','Schultz','schultz email.com','4272400887','961 Gallagher Points','92173','West Christopherborough','Texas'),
 (136,'Natalie','Long','long email.com','+1-962-397-5096x9869','1313 Tucker Track','04944','Christophermouth','Maine'),
 (137,'Jeremiah','Mcintosh','mcintosh email.com','545.135.9498','96620 Phillips Fields Apt. 751','81305','Hornehaven','Alabama'),
 (138,'Diana','Arnold','arnold email.com','587-158-6038','910 Reynolds Stravenue Suite 221','88958','Cruzbury','Illinois'),
 (139,'Maria','Freeman','freeman email.com','001-914-069-1790x2854','23211 Keller Station Apt. 119','32949','Crystaltown','Idaho'),
 (140,'Jesse','Gray','gray email.com','276.188.3937','69442 Tyler Flats','52654','East Clinton','Kansas'),
 (141,'Maria','Gonzalez','gonzalez email.com','+1-884-556-1351','494 Katrina Meadow','36725','Davishaven','New Jersey'),
 (142,'Andrew','Ray','ray email.com','+1-398-525-9370x42424','348 James Ferry','12545','East Jennifer','Wyoming'),
 (143,'Marco','Rice','rice email.com','+1-454-868-9195','74131 Patterson Prairie','63853','East Jeffreyfurt','Mississippi'),
 (144,'Larry','Montes','montes email.com','783.013.8509x6409','7073 Johnson Mall','74365','Youngchester','New York'),
 (145,'Deborah','Russell','russell email.com','074.507.6595x13082','764 Joseph Trail Apt. 771','28789','Holmesmouth','South Carolina'),
 (146,'Leslie','Todd','todd email.com','993.330.7058','65785 Ashley Trafficway Apt. 310','09522','Jacksonside','Michigan'),
 (147,'Natalie','Peterson','peterson email.com','(723)221-6591','10568 Butler Station','56593','Port Alexashire','Massachusetts'),
 (148,'Scott','Hunt','hunt email.com','001-719-715-0289','83386 Powers Heights Apt. 818','18209','Alexisland','Colorado'),
 (149,'Tyler','Briggs','briggs email.com','789-392-5371x77011','487 Antonio Course','50795','Schmittburgh','South Carolina'),
 (150,'John','Gillespie','gillespie email.com','0559812677','15029 Munoz Track Suite 146','89702','East Alexisfort','Alabama'),
 (151,'Amy','Nichols','nichols email.com','603-000-4647x0669','36330 Pamela Coves Suite 580','89574','New Alejandrafurt','Ohio'),
 (152,'David','Myers','myers email.com','742-010-9952x3625','028 Robinson Port','27516','Velasquezport','Kentucky'),
 (153,'David','Chaney','chaney email.com','001-635-551-3757','98548 Kathy Courts Apt. 605','57930','Gilbertshire','Oklahoma'),
 (154,'Jessica','Taylor','taylor email.com','2148228412','479 Harding Isle Apt. 108','26283','Albertmouth','New York'),
 (155,'Gabriel','Klein','klein email.com','(444)284-9274x7844','2749 Allen Rapids','87946','Thomasville','Alaska'),
 (156,'Rebecca','Carroll','carroll email.com','389-315-6270x801','9668 Anthony Mission','03313','Jenniferview','Indiana'),
 (157,'Donald','Obrien','obrien email.com','001-484-063-9106x05374','8732 Brian Wall Suite 805','10558','Amychester','Alabama'),
 (158,'Jennifer','Conway','conway email.com','200.478.3104x4660','012 Paul Tunnel Suite 596','92098','North Zachary','Georgia'),
 (159,'Kathy','Downs','downs email.com','703-394-6562','7084 Salinas Garden Suite 727','12813','Harveyshire','North Carolina'),
 (160,'Susan','Mcintyre','mcintyre email.com','391.231.7606x0579','182 Bowman Villages','12704','East Eric','Maryland'),
 (161,'Latoya','Olson','olson email.com','7728035708','188 Harrison Plaza','28242','Martinberg','Georgia'),
 (162,'Courtney','Turner','turner email.com','090-562-6736x107','9053 Watson Throughway','70858','East Jessica','Oregon'),
 (163,'Michael','Watkins','watkins email.com','765-824-0268','96254 Fuller Rapids Suite 982','77591','Mariahmouth','New Jersey'),
 (164,'Michael','Simon','simon email.com','9169436067','898 Lane Rest','24178','South Alexis','Mississippi'),
 (165,'James','Marquez','marquez email.com','+1-876-861-3542','530 White Meadow Apt. 019','89661','Erinton','Oklahoma'),
 (166,'Jillian','Shepard','shepard email.com','001-939-988-0023x57833','2005 Madison Square Suite 784','36829','West Christopherport','Rhode Island'),
 (167,'Paul','Fowler','fowler email.com','+1-487-263-1910x34802','283 Adam Landing','81563','North Cynthiastad','Idaho'),
 (168,'Raymond','Bradford','bradford email.com','183.059.8254','375 Gregory Spurs Apt. 334','42530','Heatherside','Florida'),
 (169,'Michael','Hooper','hooper email.com','(409)341-1886x078','075 Bryan Springs','97845','Lake Jeffreyton','Connecticut'),
 (170,'Sandra','Davidson','davidson email.com','(984)653-6294x2022','339 Andre Isle','15121','Debrahaven','Michigan'),
 (171,'Matthew','Silva','silva email.com','(743)578-2141x76843','939 Randy View','26982','Kimberlyton','Rhode Island'),
 (172,'Derek','Hester','hester email.com','078.590.4279x402','16598 Ana Fall Apt. 511','17288','Riveramouth','Tennessee'),
 (173,'Samantha','Carpenter','carpenter email.com','(110)172-2699','94086 Bobby Falls','63595','South Stephanie','Louisiana'),
 (174,'Victor','Orr','orr email.com','+1-722-719-3094x6297','3122 Robinson Rue Suite 543','44862','Dianahaven','Idaho'),
 (175,'Angela','Rojas','rojas email.com','+1-224-893-8769x3499','201 Vaughan Stream Suite 198','62075','Jacobton','Illinois'),
 (176,'William','Ellis','ellis email.com','778.964.5051x8241','9064 Melissa Route Apt. 411','95761','Davidsonfort','South Dakota'),
 (177,'Tony','Johnston','johnston email.com','(305)506-2363x515','8435 Cynthia Pines','91789','East Lynnchester','California'),
 (178,'Sharon','Thompson','thompson email.com','8909108895','20007 Mark Mills','12089','Richmondville','North Dakota'),
 (179,'Tammy','Graham','graham email.com','291-573-8356','08839 Joseph Trafficway Suite 286','06787','South Amy','Connecticut'),
 (180,'Dana','Khan','khan email.com','001-616-595-7981x697','77076 Patrick Roads','68515','North Jamie','New Jersey'),
 (181,'Alyssa','Pena','pena email.com','+1-420-083-7340x62841','2691 Bruce Knolls Suite 222','45431','Deborahland','New Hampshire'),
 (182,'Steven','Byrd','byrd email.com','633.695.8133','7193 Nichols Shores','64995','North Jenna','Wyoming'),
 (183,'Laura','King','king email.com','047-424-1970x349','1618 Megan Crescent','12089','New Megan','West Virginia'),
 (184,'Brian','Harris','harris email.com','9715012092','499 Harrell Dam Apt. 875','86686','Gregview','Wisconsin'),
 (185,'Tara','Holland','holland email.com','+1-094-431-5001','97628 Barajas Street Apt. 921','18092','Pecktown','Georgia'),
 (186,'Lydia','Mcdaniel','mcdaniel email.com','583.776.9486x63895','49225 Veronica Summit Suite 516','86025','New Lisaside','South Carolina'),
 (187,'Michele','Baxter','baxter email.com','(410)362-6078x3587','5294 Smith Hills Suite 890','75903','South Darren','Connecticut'),
 (188,'Kenneth','Parks','parks email.com','001-321-387-7288x852','50272 Joanne Streets','66990','Shannonland','Montana'),
 (189,'Angela','Howe','howe email.com','544-814-6395x0579','765 Matthew Forge','09370','Jordanside','Oregon'),
 (190,'Jennifer','Ruiz','ruiz email.com','001-327-219-9212x217','66125 Ward Station','43839','Taylorland','Virginia'),
 (191,'William','Moss','moss email.com','(611)817-3277x4920','1530 Mary Rest','03100','East Wesley','Texas'),
 (192,'James','Mathews','mathews email.com','991.650.0380x3831','11835 Peter Motorway','18420','Jessicaburgh','Maine'),
 (193,'Carolyn','Gordon','gordon email.com','(831)982-3589x9278','2519 Beck Drive Suite 590','14437','Kellyville','Utah'),
 (194,'Melissa','Martinez','martinez email.com','645.483.8715x071','2775 Eric Stravenue','15294','Cookshire','California'),
 (195,'Mark','Coleman','coleman email.com','764-709-8266x7713','0153 Stone View','15966','Lindseyborough','North Carolina'),
 (196,'Tonya','Bryant','bryant email.com','+1-219-856-7832x61008','717 Flores Road Apt. 644','46119','Mirandaside','Delaware'),
 (197,'Shannon','Chambers','chambers email.com','685.113.1514','13152 Thompson Springs Suite 774','67007','New Gerald','California'),
 (198,'James','Ochoa','ochoa email.com','233.340.3385x4865','5672 Harrison Plains Apt. 979','45919','Thompsonshire','Iowa'),
 (199,'Melissa','Andrews','andrews email.com','001-681-426-1189','84843 Robinson Passage','43796','Lake Ryanside','Louisiana'),
 (200,'Olivia','Mcknight','mcknight email.com','352-000-8696','9946 Diaz Landing','94925','New Stefanie','Hawaii');
INSERT INTO "employees" ("id","firstname","lastname","birth","email","phone","address","zip","idjob","city","state") VALUES (1,'Barbara','Jones','1961-07-29','jones email.com','001-276-630-5017','0108 Michele Lakes Apt. 065','26272',7,'Jonesborough','Vermont'),
 (2,'Brandi','Brown','1996-12-31','brown email.com','(799)071-1999','784 Rodriguez Ridges','78525',9,'Marystad','Massachusetts'),
 (3,'Susan','Harvey','1981-11-17','harvey email.com','001-973-340-6774x06700','49787 Joe Fields Apt. 435','25470',9,'Deannaport','Massachusetts'),
 (4,'Erin','Jensen','1999-01-23','jensen email.com','001-946-559-6202x8050','0193 Angela Fork Suite 982','90241',3,'Port Michael','Tennessee'),
 (5,'Rachel','Allen','1977-12-16','allen email.com','605-659-4669','555 Dawson Crossing','68509',1,'East Katieberg','Massachusetts'),
 (6,'John','Barnes','1989-01-12','barnes email.com','001-452-350-4596x990','40132 Brandy Forest','19758',2,'New Branditown','Maryland'),
 (7,'George','Nolan','1995-09-18','nolan email.com','+1-628-240-3137x297','8364 Robyn Forges Suite 134','70795',5,'South Brianstad','Texas'),
 (8,'Chad','Jacobs','1994-07-23','jacobs email.com','(012)821-7600x52306','71870 Ryan Lakes Apt. 663','80348',5,'Chadland','New Hampshire'),
 (9,'Jeremy','Jenkins','1987-02-27','jenkins email.com','(456)791-8361x493','9425 Sarah Harbors Suite 376','73057',6,'Frazierland','Indiana'),
 (10,'Erica','Pratt','1974-12-11','pratt email.com','3302986324','2880 Scott Corner','79472',7,'Alisonmouth','Georgia'),
 (11,'Patrick','Higgins','1980-03-10','higgins email.com','(005)590-8816','14215 Martinez Crossing','10018',2,'Obrienfurt','South Dakota'),
 (12,'Nicole','Martin','1979-01-26','martin email.com','(462)532-1950','099 Daniels Viaduct','67194',4,'New Jeffery','Indiana'),
 (13,'Chelsea','Huerta','1994-03-22','huerta email.com','001-258-314-5714x0143','98233 Alexander Hollow Apt. 546','56897',9,'East Matthewport','Tennessee'),
 (14,'Richard','Chavez','2003-02-08','chavez email.com','001-337-979-6769x546','198 Diamond Inlet Apt. 320','22998',5,'South Shelbyside','Virginia'),
 (15,'Alexandria','Chung','2003-08-17','chung email.com','319.848.6051','655 Colon Unions Suite 706','80737',4,'Hermanview','Louisiana'),
 (16,'Maria','Terry','1979-05-14','terry email.com','9264677969','13289 Cristina Prairie','81720',1,'Josephberg','Illinois'),
 (17,'Benjamin','Petty','1981-10-12','petty email.com','001-178-658-2177x3938','80734 Erin Inlet','44850',10,'Jacobhaven','Mississippi'),
 (18,'Jessica','Carter','1995-01-04','carter email.com','198.076.1499x4306','34969 Gina Summit Suite 494','70159',10,'Vickiville','Nevada'),
 (19,'Tyler','Chang','2004-04-07','chang email.com','(006)752-2641','1408 Parks Keys Apt. 522','09632',10,'Jacksonmouth','Idaho'),
 (20,'Troy','Richard','1975-07-27','richard email.com','533.920.8119x0933','13083 Victoria Creek Apt. 184','51010',8,'North Jenniferport','Massachusetts');
INSERT INTO "jobs" ("id","name") VALUES (1,'Psychologist, prison and probation services'),
 (2,'Advertising copywriter'),
 (3,'Sports administrator'),
 (4,'Press photographer'),
 (5,'Theme park manager'),
 (6,'Tax adviser'),
 (7,'Learning mentor'),
 (8,'Print production planner'),
 (9,'Estate manager/land agent'),
 (10,'Health service manager');
INSERT INTO "orders" ("id","idclient","idproduct","quantity","data") VALUES (1,109,44,10,'2015-07-09'),
 (2,165,1,3,'2016-05-22'),
 (3,125,44,8,'2019-03-10'),
 (4,128,21,10,'2018-07-31'),
 (5,124,45,1,'2017-12-25'),
 (6,193,16,10,'2018-01-11'),
 (7,150,47,6,'2020-01-03'),
 (8,129,6,9,'2020-09-06'),
 (9,78,4,4,'2014-10-04'),
 (10,4,25,3,'2019-08-14'),
 (11,29,48,9,'2017-02-18'),
 (12,60,14,6,'2017-10-18'),
 (13,79,43,8,'2017-01-08'),
 (14,64,35,4,'2018-12-30'),
 (15,17,16,10,'2022-03-25'),
 (16,192,40,8,'2017-07-08'),
 (17,176,26,9,'2015-04-13'),
 (18,106,4,5,'2021-12-28'),
 (19,68,14,8,'2021-11-10'),
 (20,197,17,7,'2019-03-08'),
 (21,99,36,8,'2018-11-14'),
 (22,54,34,2,'2021-03-01'),
 (23,67,28,5,'2020-06-29'),
 (24,115,24,6,'2014-11-11'),
 (25,40,41,4,'2015-05-18'),
 (26,150,13,5,'2018-03-22'),
 (27,66,23,9,'2018-10-06'),
 (28,153,49,9,'2017-02-05'),
 (29,169,34,8,'2021-02-03'),
 (30,83,2,10,'2016-01-11'),
 (31,159,1,5,'2020-10-24'),
 (32,124,27,2,'2017-03-30'),
 (33,118,40,6,'2020-11-24'),
 (34,95,16,4,'2016-02-11'),
 (35,85,23,4,'2021-02-07'),
 (36,154,46,3,'2016-12-18'),
 (37,67,39,2,'2020-03-01'),
 (38,8,11,6,'2016-01-21'),
 (39,93,15,10,'2016-03-11'),
 (40,182,47,10,'2014-06-05'),
 (41,103,23,3,'2015-08-08'),
 (42,69,47,4,'2019-11-04'),
 (43,175,8,4,'2018-04-02'),
 (44,179,32,1,'2016-07-13'),
 (45,2,50,10,'2020-11-04'),
 (46,51,27,8,'2018-04-01'),
 (47,191,22,7,'2020-10-16'),
 (48,108,47,3,'2021-10-25'),
 (49,18,47,9,'2020-09-26'),
 (50,42,36,10,'2016-05-12'),
 (51,107,14,2,'2022-01-16'),
 (52,38,15,8,'2016-09-24'),
 (53,90,12,4,'2018-04-27'),
 (54,73,38,5,'2016-09-16'),
 (55,159,32,6,'2017-06-30'),
 (56,107,45,2,'2019-07-09'),
 (57,36,30,2,'2016-05-30'),
 (58,156,29,7,'2016-11-14'),
 (59,109,42,2,'2015-01-30'),
 (60,189,5,5,'2020-05-22'),
 (61,151,30,2,'2016-11-23'),
 (62,75,47,7,'2018-12-24'),
 (63,29,41,7,'2015-10-20'),
 (64,198,26,7,'2017-05-29'),
 (65,114,9,1,'2019-04-03'),
 (66,1,24,3,'2014-12-26'),
 (67,36,45,9,'2017-05-04'),
 (68,116,34,6,'2021-04-28'),
 (69,156,40,2,'2015-03-24'),
 (70,130,41,8,'2020-02-01'),
 (71,44,5,8,'2017-09-10'),
 (72,129,31,3,'2019-03-03'),
 (73,5,21,1,'2014-09-01'),
 (74,186,24,9,'2016-02-07'),
 (75,24,7,2,'2017-04-01'),
 (76,10,44,2,'2020-04-08'),
 (77,72,28,2,'2019-09-29'),
 (78,124,28,4,'2016-02-16'),
 (79,169,15,5,'2021-07-18'),
 (80,50,11,1,'2014-08-26'),
 (81,164,9,1,'2017-03-31'),
 (82,190,3,7,'2021-03-31'),
 (83,174,32,6,'2019-03-15'),
 (84,46,21,2,'2014-10-31'),
 (85,118,16,7,'2020-08-14'),
 (86,176,19,9,'2020-04-12'),
 (87,192,34,8,'2019-11-21'),
 (88,161,27,7,'2014-10-08'),
 (89,117,44,4,'2014-11-26'),
 (90,15,49,8,'2014-06-11'),
 (91,16,10,7,'2014-05-27'),
 (92,108,44,6,'2018-10-17'),
 (93,147,45,1,'2021-09-23'),
 (94,54,27,8,'2015-02-05'),
 (95,56,31,1,'2015-06-17'),
 (96,126,29,10,'2022-02-18'),
 (97,42,33,10,'2018-09-22'),
 (98,130,28,10,'2020-09-26'),
 (99,114,11,9,'2020-09-03'),
 (100,161,13,5,'2014-09-19'),
 (101,199,18,10,'2014-07-05'),
 (102,33,49,9,'2021-03-10'),
 (103,52,27,6,'2017-01-28'),
 (104,4,13,1,'2018-01-22'),
 (105,103,40,1,'2021-03-05'),
 (106,20,46,5,'2016-04-29'),
 (107,195,33,8,'2021-11-08'),
 (108,96,6,4,'2019-06-09'),
 (109,87,2,10,'2015-09-30'),
 (110,135,48,10,'2015-07-05'),
 (111,178,42,2,'2020-01-09'),
 (112,1,13,10,'2017-01-26'),
 (113,199,31,4,'2021-08-27'),
 (114,109,1,10,'2017-05-29'),
 (115,143,2,5,'2014-07-23'),
 (116,157,48,7,'2019-03-04'),
 (117,17,45,2,'2021-10-27'),
 (118,12,4,2,'2017-09-14'),
 (119,105,14,4,'2018-10-13'),
 (120,21,47,9,'2015-09-20'),
 (121,72,2,9,'2019-10-26'),
 (122,100,42,8,'2022-03-20'),
 (123,76,23,4,'2019-01-09'),
 (124,56,47,10,'2018-06-20'),
 (125,182,42,10,'2021-02-18'),
 (126,88,15,3,'2015-11-22'),
 (127,141,8,4,'2015-10-27'),
 (128,182,33,4,'2019-04-12'),
 (129,78,7,8,'2021-12-29'),
 (130,134,15,4,'2020-12-19'),
 (131,76,19,3,'2016-04-14'),
 (132,175,12,5,'2017-01-13'),
 (133,147,4,7,'2018-01-14'),
 (134,70,10,2,'2016-06-16'),
 (135,83,9,6,'2015-10-04'),
 (136,146,4,10,'2018-04-21'),
 (137,94,9,8,'2017-08-01'),
 (138,174,34,8,'2016-05-05'),
 (139,126,14,8,'2019-08-02'),
 (140,147,46,9,'2021-07-15'),
 (141,119,5,4,'2022-02-24'),
 (142,96,46,10,'2017-03-21'),
 (143,184,47,5,'2017-06-07'),
 (144,126,23,3,'2020-04-18'),
 (145,19,29,1,'2015-03-27'),
 (146,136,38,8,'2015-08-11'),
 (147,154,35,3,'2019-01-12'),
 (148,124,35,7,'2018-11-25'),
 (149,81,49,10,'2015-08-27'),
 (150,59,18,4,'2015-11-19'),
 (151,120,13,1,'2015-09-28'),
 (152,111,17,3,'2018-09-13'),
 (153,56,3,6,'2019-11-12'),
 (154,175,35,10,'2014-10-04'),
 (155,98,50,9,'2016-06-13'),
 (156,79,23,2,'2021-04-12'),
 (157,20,20,10,'2017-12-03'),
 (158,31,27,8,'2015-10-29'),
 (159,128,3,3,'2018-03-22'),
 (160,91,41,4,'2020-11-17'),
 (161,29,49,2,'2017-09-26'),
 (162,168,9,8,'2018-02-24'),
 (163,71,47,8,'2015-02-01'),
 (164,70,38,2,'2020-11-04'),
 (165,100,20,4,'2019-06-06'),
 (166,120,39,1,'2016-07-04'),
 (167,121,36,2,'2020-03-04'),
 (168,173,34,1,'2015-03-30'),
 (169,167,42,2,'2022-04-18'),
 (170,108,17,2,'2018-05-08'),
 (171,30,41,3,'2018-11-18'),
 (172,195,10,1,'2015-11-19'),
 (173,148,5,10,'2020-03-20'),
 (174,19,5,7,'2021-01-02'),
 (175,46,3,3,'2015-07-27'),
 (176,112,42,2,'2019-03-11'),
 (177,69,15,3,'2019-04-19'),
 (178,155,49,8,'2016-07-15'),
 (179,184,7,10,'2022-01-12'),
 (180,125,18,6,'2015-02-15'),
 (181,23,42,1,'2014-08-10'),
 (182,82,46,8,'2016-11-20'),
 (183,150,3,2,'2017-11-23'),
 (184,66,25,6,'2019-07-12'),
 (185,193,46,4,'2014-09-15'),
 (186,158,26,10,'2021-10-01'),
 (187,164,44,4,'2020-05-10'),
 (188,79,8,10,'2016-03-11'),
 (189,79,26,2,'2014-06-27'),
 (190,54,36,5,'2017-08-27'),
 (191,170,47,6,'2021-02-24'),
 (192,187,27,2,'2019-12-23'),
 (193,31,17,3,'2016-09-30'),
 (194,134,6,1,'2015-03-24'),
 (195,70,27,8,'2020-02-18'),
 (196,10,8,4,'2015-12-15'),
 (197,14,19,3,'2014-07-11'),
 (198,38,3,2,'2016-04-01'),
 (199,111,33,3,'2018-05-10'),
 (200,182,8,7,'2020-07-10'),
 (201,176,47,5,'2021-03-15'),
 (202,132,39,5,'2018-10-29'),
 (203,100,4,2,'2016-08-29'),
 (204,114,38,5,'2014-09-23'),
 (205,54,27,7,'2022-01-18'),
 (206,96,17,9,'2016-02-11'),
 (207,64,20,2,'2020-07-01'),
 (208,137,49,2,'2020-11-22'),
 (209,36,17,9,'2020-01-20'),
 (210,71,42,5,'2020-10-30'),
 (211,166,1,8,'2020-08-15'),
 (212,172,28,8,'2014-06-21'),
 (213,108,19,7,'2017-09-22'),
 (214,158,15,3,'2019-05-14'),
 (215,67,49,9,'2017-09-29'),
 (216,73,26,6,'2016-08-31'),
 (217,148,46,6,'2018-01-04'),
 (218,92,14,8,'2014-10-09'),
 (219,55,47,10,'2019-01-24'),
 (220,146,12,3,'2016-02-14'),
 (221,19,42,10,'2015-05-29'),
 (222,100,25,9,'2019-02-04'),
 (223,148,22,4,'2019-04-03'),
 (224,62,13,10,'2020-08-06'),
 (225,27,48,5,'2014-09-09'),
 (226,43,9,6,'2019-01-09'),
 (227,74,2,8,'2016-08-24'),
 (228,179,20,9,'2021-05-14'),
 (229,112,29,10,'2014-06-14'),
 (230,69,3,5,'2016-06-02'),
 (231,101,39,2,'2014-06-21'),
 (232,112,19,3,'2018-11-06'),
 (233,140,9,3,'2017-07-23'),
 (234,199,7,5,'2016-04-23'),
 (235,100,42,3,'2016-05-25'),
 (236,133,31,2,'2018-08-18'),
 (237,111,12,1,'2015-01-16'),
 (238,154,43,2,'2020-11-21'),
 (239,120,26,7,'2014-07-09'),
 (240,147,6,3,'2017-11-08'),
 (241,30,5,7,'2015-12-22'),
 (242,30,12,3,'2018-06-30'),
 (243,138,39,1,'2019-02-02'),
 (244,2,4,8,'2020-08-18'),
 (245,19,48,9,'2020-04-11'),
 (246,200,33,6,'2017-07-16'),
 (247,63,41,9,'2019-10-12'),
 (248,93,39,9,'2019-09-18'),
 (249,78,47,10,'2018-04-28'),
 (250,45,6,1,'2014-05-09'),
 (251,38,32,9,'2018-10-01'),
 (252,154,28,1,'2020-07-14'),
 (253,147,14,1,'2017-03-07'),
 (254,60,10,5,'2020-08-05'),
 (255,96,33,6,'2020-08-18'),
 (256,187,4,2,'2020-01-15'),
 (257,75,47,7,'2021-03-30'),
 (258,195,36,5,'2021-11-11'),
 (259,27,32,10,'2014-09-12'),
 (260,128,41,7,'2019-05-09'),
 (261,39,39,6,'2018-03-22'),
 (262,137,21,6,'2021-07-17'),
 (263,39,22,5,'2016-12-23'),
 (264,173,14,5,'2014-08-15'),
 (265,5,45,10,'2020-10-25'),
 (266,199,28,6,'2021-03-29'),
 (267,29,17,3,'2021-08-08'),
 (268,162,15,7,'2022-01-23'),
 (269,166,23,3,'2015-07-12'),
 (270,21,38,7,'2017-08-16'),
 (271,27,6,6,'2017-06-07'),
 (272,171,28,8,'2016-09-16'),
 (273,45,34,10,'2015-06-02'),
 (274,171,7,5,'2016-07-16'),
 (275,143,10,5,'2016-11-01'),
 (276,91,49,6,'2015-05-19'),
 (277,31,21,8,'2022-02-19'),
 (278,176,10,7,'2017-10-25'),
 (279,178,26,3,'2018-03-19'),
 (280,172,4,2,'2021-03-28'),
 (281,110,42,3,'2018-10-17'),
 (282,143,44,2,'2022-02-05'),
 (283,183,18,4,'2021-07-20'),
 (284,191,37,10,'2015-09-29'),
 (285,34,15,9,'2016-06-30'),
 (286,96,35,9,'2018-06-13'),
 (287,44,8,3,'2019-11-30'),
 (288,186,32,5,'2017-05-30'),
 (289,170,39,8,'2019-08-02'),
 (290,116,20,10,'2017-12-17'),
 (291,147,40,10,'2014-09-12'),
 (292,172,27,10,'2019-12-06'),
 (293,170,16,5,'2018-12-03'),
 (294,107,42,5,'2015-10-31'),
 (295,23,50,7,'2017-12-30'),
 (296,112,45,5,'2020-09-30'),
 (297,1,14,6,'2019-10-24'),
 (298,59,20,10,'2017-03-18'),
 (299,69,26,7,'2018-02-05'),
 (300,196,3,7,'2020-10-31'),
 (301,139,7,2,'2020-01-29'),
 (302,173,50,9,'2021-01-04'),
 (303,9,48,2,'2021-05-29'),
 (304,122,11,4,'2022-01-04'),
 (305,182,29,3,'2022-04-16'),
 (306,51,32,9,'2019-02-27'),
 (307,104,17,2,'2020-10-17'),
 (308,23,11,8,'2021-04-01'),
 (309,22,49,9,'2015-02-06'),
 (310,153,35,5,'2019-10-11'),
 (311,197,22,1,'2019-09-11'),
 (312,161,19,5,'2015-10-17'),
 (313,178,41,3,'2016-01-10'),
 (314,56,21,1,'2021-10-04'),
 (315,188,35,4,'2020-11-14'),
 (316,74,23,9,'2017-12-15'),
 (317,33,27,10,'2018-01-04'),
 (318,48,47,3,'2017-02-25'),
 (319,2,2,4,'2017-02-28'),
 (320,133,18,2,'2014-05-21'),
 (321,65,32,10,'2019-09-04'),
 (322,199,45,2,'2019-06-27'),
 (323,40,8,9,'2020-07-01'),
 (324,191,44,10,'2020-10-16'),
 (325,6,50,4,'2019-07-19'),
 (326,170,29,9,'2022-02-19'),
 (327,196,1,2,'2016-10-24'),
 (328,59,8,7,'2020-12-12'),
 (329,49,37,4,'2015-05-08'),
 (330,100,36,6,'2020-06-18'),
 (331,109,12,9,'2017-11-18'),
 (332,181,36,10,'2021-10-17'),
 (333,176,40,9,'2020-10-26'),
 (334,76,24,4,'2015-09-10'),
 (335,119,20,9,'2020-11-26'),
 (336,116,27,1,'2015-01-31'),
 (337,81,44,9,'2016-11-17'),
 (338,10,24,10,'2021-01-22'),
 (339,177,8,10,'2015-07-26'),
 (340,191,16,7,'2018-07-02'),
 (341,106,43,6,'2020-10-09'),
 (342,128,21,6,'2020-11-21'),
 (343,156,28,8,'2020-08-21'),
 (344,148,29,10,'2017-07-10'),
 (345,164,4,1,'2019-04-23'),
 (346,147,1,8,'2021-02-22'),
 (347,2,23,8,'2016-07-23'),
 (348,82,20,8,'2022-02-19'),
 (349,107,26,6,'2017-09-09'),
 (350,53,37,9,'2015-03-28'),
 (351,122,30,5,'2021-04-17'),
 (352,115,18,2,'2014-06-11'),
 (353,182,11,9,'2020-11-20'),
 (354,186,10,10,'2020-11-02'),
 (355,67,23,5,'2018-01-17'),
 (356,51,50,5,'2019-09-23'),
 (357,190,26,5,'2015-07-14'),
 (358,183,11,10,'2016-04-24'),
 (359,22,47,7,'2015-08-22'),
 (360,122,44,5,'2016-03-18'),
 (361,8,43,7,'2019-01-27'),
 (362,107,10,8,'2020-06-22'),
 (363,129,48,2,'2018-08-21'),
 (364,78,24,7,'2019-01-10'),
 (365,126,29,8,'2014-06-09'),
 (366,124,3,9,'2019-07-09'),
 (367,27,10,4,'2016-12-06'),
 (368,62,17,10,'2015-06-20'),
 (369,160,8,9,'2021-09-04'),
 (370,93,9,8,'2016-05-20'),
 (371,36,21,5,'2015-01-05'),
 (372,157,23,5,'2016-06-08'),
 (373,62,29,9,'2018-10-29'),
 (374,103,14,7,'2020-03-04'),
 (375,106,15,8,'2017-05-22'),
 (376,116,4,3,'2020-08-20'),
 (377,188,34,5,'2018-02-24'),
 (378,192,17,2,'2020-02-26'),
 (379,17,2,1,'2018-07-27'),
 (380,29,37,2,'2015-05-06'),
 (381,17,38,10,'2019-08-18'),
 (382,19,18,1,'2015-10-05'),
 (383,157,32,4,'2014-07-13'),
 (384,75,3,6,'2021-01-20'),
 (385,189,14,9,'2016-06-16'),
 (386,107,4,1,'2020-12-30'),
 (387,49,5,8,'2017-11-04'),
 (388,196,39,7,'2019-12-02'),
 (389,199,49,7,'2020-07-23'),
 (390,4,41,6,'2021-01-23'),
 (391,152,41,10,'2014-09-08'),
 (392,76,20,10,'2019-12-02'),
 (393,16,33,9,'2018-11-15'),
 (394,158,42,3,'2022-02-16'),
 (395,107,26,10,'2021-12-25'),
 (396,22,48,2,'2016-06-05'),
 (397,108,48,6,'2021-03-02'),
 (398,10,44,4,'2018-08-17'),
 (399,10,13,3,'2018-12-30'),
 (400,6,24,2,'2022-04-18'),
 (401,178,41,1,'2021-01-01'),
 (402,41,25,10,'2016-02-28'),
 (403,33,5,6,'2020-01-08'),
 (404,102,45,2,'2016-01-02'),
 (405,172,39,5,'2020-03-28'),
 (406,152,34,9,'2019-07-06'),
 (407,38,20,5,'2015-07-08'),
 (408,138,36,10,'2017-04-30'),
 (409,23,46,8,'2019-12-19'),
 (410,108,29,7,'2021-08-28'),
 (411,69,12,6,'2021-01-23'),
 (412,5,34,1,'2017-04-01'),
 (413,186,28,1,'2021-04-29'),
 (414,131,42,6,'2019-03-17'),
 (415,165,25,8,'2017-03-08'),
 (416,172,28,6,'2017-08-05'),
 (417,155,27,4,'2021-06-03'),
 (418,96,8,2,'2017-05-04'),
 (419,42,40,4,'2015-09-07'),
 (420,129,12,8,'2019-11-16'),
 (421,113,33,1,'2019-11-08'),
 (422,50,1,8,'2021-04-25'),
 (423,39,42,3,'2020-04-09'),
 (424,106,9,10,'2015-05-20'),
 (425,99,43,3,'2018-04-18'),
 (426,13,16,8,'2017-12-24'),
 (427,45,22,5,'2016-02-08'),
 (428,116,33,6,'2015-09-28'),
 (429,102,33,4,'2015-01-08'),
 (430,176,11,2,'2019-12-26'),
 (431,121,45,7,'2016-03-30'),
 (432,133,46,8,'2021-11-15'),
 (433,99,40,1,'2019-03-06'),
 (434,31,25,6,'2017-11-17'),
 (435,51,3,8,'2017-03-10'),
 (436,132,19,10,'2014-08-28'),
 (437,67,32,4,'2020-03-29'),
 (438,60,44,8,'2021-03-08'),
 (439,48,27,4,'2022-01-16'),
 (440,190,49,10,'2019-04-12'),
 (441,163,41,5,'2016-11-28'),
 (442,7,24,6,'2017-05-21'),
 (443,22,38,2,'2017-08-21'),
 (444,92,17,6,'2017-04-23'),
 (445,87,30,9,'2020-10-01'),
 (446,43,18,2,'2015-01-09'),
 (447,160,41,4,'2021-02-09'),
 (448,156,34,4,'2016-11-13'),
 (449,106,16,9,'2016-11-17'),
 (450,200,27,5,'2014-10-25'),
 (451,55,47,3,'2016-01-24'),
 (452,156,21,2,'2022-03-27'),
 (453,196,8,9,'2018-05-28'),
 (454,150,33,2,'2020-10-18'),
 (455,148,1,9,'2014-11-11'),
 (456,7,5,8,'2019-04-13'),
 (457,56,9,9,'2019-02-18'),
 (458,30,9,6,'2021-04-23'),
 (459,44,6,4,'2016-07-10'),
 (460,31,15,3,'2020-07-30'),
 (461,141,49,8,'2020-08-13'),
 (462,56,9,10,'2017-03-29'),
 (463,8,44,2,'2020-04-15'),
 (464,107,10,6,'2015-11-12'),
 (465,105,21,9,'2014-11-18'),
 (466,63,6,10,'2015-12-17'),
 (467,162,24,9,'2018-12-04'),
 (468,171,43,1,'2018-07-09'),
 (469,7,42,1,'2020-05-29'),
 (470,88,7,6,'2014-09-12'),
 (471,127,31,6,'2020-10-03'),
 (472,12,6,4,'2020-10-20'),
 (473,200,5,5,'2021-12-18'),
 (474,152,12,5,'2020-07-26'),
 (475,50,32,7,'2019-02-03'),
 (476,81,1,10,'2017-09-17'),
 (477,131,25,2,'2017-11-22'),
 (478,53,48,5,'2021-06-01'),
 (479,157,27,5,'2015-02-21'),
 (480,188,4,10,'2020-11-08'),
 (481,148,32,1,'2016-08-10'),
 (482,85,6,1,'2018-02-25'),
 (483,146,19,4,'2021-12-23'),
 (484,131,17,7,'2017-01-08'),
 (485,110,45,7,'2019-05-28'),
 (486,138,20,10,'2015-01-21'),
 (487,107,46,4,'2016-01-04'),
 (488,146,50,1,'2014-11-19'),
 (489,181,31,8,'2020-04-10'),
 (490,47,22,10,'2017-06-17'),
 (491,150,48,8,'2014-11-04'),
 (492,186,47,4,'2017-06-17'),
 (493,61,16,8,'2019-02-15'),
 (494,73,21,8,'2015-01-19'),
 (495,125,27,9,'2019-04-09'),
 (496,174,36,6,'2021-10-23'),
 (497,102,18,2,'2017-02-19'),
 (498,23,3,5,'2015-02-25'),
 (499,73,20,10,'2014-08-13'),
 (500,42,38,10,'2015-11-07'),
 (501,81,24,9,'2014-09-17'),
 (502,146,4,10,'2022-01-16'),
 (503,56,7,1,'2021-02-19'),
 (504,3,41,9,'2018-07-08'),
 (505,28,38,8,'2014-07-05'),
 (506,153,3,2,'2016-01-26'),
 (507,76,9,9,'2018-07-31'),
 (508,130,48,6,'2014-09-06'),
 (509,95,35,3,'2019-10-06'),
 (510,13,18,7,'2015-09-25'),
 (511,50,17,2,'2018-09-10'),
 (512,173,8,3,'2018-05-20'),
 (513,158,19,9,'2022-02-21'),
 (514,71,7,4,'2019-05-23'),
 (515,13,6,4,'2018-08-20'),
 (516,104,7,5,'2020-08-25'),
 (517,47,1,1,'2021-07-25'),
 (518,103,39,5,'2019-04-24'),
 (519,120,5,9,'2018-12-06'),
 (520,67,8,8,'2015-05-08'),
 (521,24,13,1,'2018-05-02'),
 (522,90,2,8,'2015-07-12'),
 (523,146,49,6,'2017-11-11'),
 (524,70,17,3,'2017-05-16'),
 (525,57,7,2,'2018-05-19'),
 (526,192,36,7,'2020-03-15'),
 (527,45,44,9,'2015-08-05'),
 (528,23,4,9,'2015-08-07'),
 (529,171,18,10,'2022-02-19'),
 (530,193,42,2,'2015-09-25'),
 (531,65,45,6,'2015-03-22'),
 (532,138,22,2,'2019-10-04'),
 (533,50,24,3,'2019-01-25'),
 (534,57,33,2,'2018-07-29'),
 (535,191,32,6,'2022-02-08'),
 (536,75,34,5,'2016-10-03'),
 (537,6,15,8,'2017-07-09'),
 (538,195,39,9,'2020-06-25'),
 (539,115,44,3,'2020-09-28'),
 (540,151,22,3,'2022-01-21'),
 (541,101,19,1,'2021-01-07'),
 (542,196,44,5,'2019-03-14'),
 (543,198,27,5,'2022-03-06'),
 (544,175,15,10,'2018-03-27'),
 (545,164,3,1,'2017-11-17'),
 (546,67,18,4,'2018-02-07'),
 (547,36,40,7,'2014-11-07'),
 (548,120,18,10,'2021-04-27'),
 (549,130,3,8,'2016-04-11'),
 (550,68,31,9,'2016-12-10'),
 (551,195,30,2,'2016-07-05'),
 (552,183,38,10,'2015-05-16'),
 (553,107,7,2,'2019-05-19'),
 (554,107,48,6,'2018-11-17'),
 (555,50,45,6,'2018-12-13'),
 (556,110,16,1,'2018-07-28'),
 (557,181,11,8,'2016-06-20'),
 (558,174,34,8,'2016-08-09'),
 (559,44,36,10,'2017-03-19'),
 (560,145,27,3,'2017-05-31'),
 (561,30,2,5,'2018-02-13'),
 (562,108,45,5,'2014-12-17'),
 (563,192,41,6,'2016-11-12'),
 (564,3,12,4,'2016-04-22'),
 (565,5,44,4,'2022-04-06'),
 (566,38,41,3,'2017-03-09'),
 (567,84,16,9,'2019-02-24'),
 (568,148,44,9,'2020-01-20'),
 (569,85,43,6,'2018-11-25'),
 (570,168,23,7,'2019-06-14'),
 (571,24,25,8,'2021-12-26'),
 (572,108,48,7,'2015-11-02'),
 (573,14,34,3,'2018-06-11'),
 (574,127,23,3,'2021-07-20'),
 (575,144,47,7,'2019-09-22'),
 (576,13,9,6,'2020-01-29'),
 (577,94,50,2,'2020-08-06'),
 (578,43,27,9,'2021-07-09'),
 (579,112,5,10,'2020-08-23'),
 (580,154,27,1,'2021-11-11'),
 (581,177,33,1,'2018-12-09'),
 (582,29,39,8,'2017-04-25'),
 (583,184,13,9,'2018-10-15'),
 (584,58,15,1,'2020-05-20'),
 (585,180,12,4,'2018-01-13'),
 (586,50,27,4,'2017-07-24'),
 (587,78,20,4,'2016-05-11'),
 (588,159,9,7,'2017-09-02'),
 (589,168,45,1,'2018-06-15'),
 (590,44,32,1,'2014-05-09'),
 (591,39,13,2,'2019-03-16'),
 (592,85,48,6,'2018-12-04'),
 (593,71,43,6,'2015-01-06'),
 (594,102,38,3,'2018-02-14'),
 (595,23,11,2,'2022-01-22'),
 (596,118,19,1,'2016-12-14'),
 (597,190,4,5,'2018-10-07'),
 (598,102,14,10,'2017-11-05'),
 (599,61,4,10,'2018-10-13'),
 (600,106,5,6,'2017-09-04'),
 (601,149,42,2,'2019-06-10'),
 (602,109,8,7,'2021-09-22'),
 (603,8,20,4,'2018-12-28'),
 (604,123,49,2,'2021-07-09'),
 (605,93,28,4,'2017-07-20'),
 (606,50,22,6,'2017-08-24'),
 (607,193,27,2,'2019-07-16'),
 (608,185,3,2,'2018-05-24'),
 (609,108,36,2,'2019-05-09'),
 (610,139,23,1,'2019-10-16'),
 (611,57,29,10,'2016-02-15'),
 (612,114,47,3,'2020-01-28'),
 (613,4,38,9,'2019-12-03'),
 (614,124,39,9,'2014-12-11'),
 (615,90,18,6,'2014-12-11'),
 (616,105,26,4,'2014-08-20'),
 (617,5,31,8,'2019-04-23'),
 (618,151,30,7,'2017-04-11'),
 (619,97,10,5,'2015-11-08'),
 (620,91,26,9,'2015-05-10'),
 (621,92,8,2,'2021-07-30'),
 (622,118,25,3,'2017-08-01'),
 (623,87,26,1,'2018-11-17'),
 (624,170,2,3,'2016-05-25'),
 (625,121,37,8,'2018-06-29'),
 (626,79,49,8,'2019-06-02'),
 (627,120,26,1,'2014-05-12'),
 (628,132,49,6,'2018-05-01'),
 (629,75,49,2,'2017-06-24'),
 (630,98,17,7,'2016-01-18'),
 (631,158,36,4,'2017-01-29'),
 (632,117,29,5,'2019-01-31'),
 (633,158,26,8,'2019-02-13'),
 (634,53,33,6,'2018-05-31'),
 (635,165,27,5,'2019-09-28'),
 (636,134,41,10,'2018-01-16'),
 (637,192,25,1,'2019-09-08'),
 (638,32,27,10,'2019-08-11'),
 (639,73,14,7,'2017-08-16'),
 (640,93,6,10,'2014-11-30'),
 (641,44,46,1,'2019-08-13'),
 (642,98,10,1,'2021-05-02'),
 (643,11,24,10,'2019-02-14'),
 (644,125,48,1,'2015-09-23'),
 (645,70,48,2,'2020-11-21'),
 (646,85,24,8,'2015-06-04'),
 (647,102,31,9,'2021-06-26'),
 (648,94,4,9,'2021-09-15'),
 (649,72,35,3,'2015-06-26'),
 (650,87,10,3,'2015-05-21'),
 (651,161,29,6,'2014-10-23'),
 (652,128,11,7,'2020-09-16'),
 (653,197,17,5,'2021-12-09'),
 (654,68,4,8,'2018-11-13'),
 (655,91,1,6,'2017-05-04'),
 (656,104,23,9,'2019-12-23'),
 (657,84,3,10,'2014-08-26'),
 (658,59,35,3,'2016-07-12'),
 (659,87,8,9,'2022-03-15'),
 (660,173,19,6,'2014-12-29'),
 (661,188,5,2,'2019-09-24'),
 (662,45,34,1,'2017-04-11'),
 (663,94,39,2,'2016-02-27'),
 (664,13,20,1,'2015-10-31'),
 (665,143,47,8,'2017-06-07'),
 (666,128,31,4,'2014-09-04'),
 (667,59,16,2,'2020-10-18'),
 (668,121,16,1,'2020-02-24'),
 (669,197,16,1,'2021-03-12'),
 (670,2,8,5,'2020-03-17'),
 (671,180,48,9,'2020-04-27'),
 (672,162,50,3,'2020-01-24'),
 (673,98,36,2,'2017-11-11'),
 (674,157,24,8,'2017-12-05'),
 (675,179,40,6,'2015-02-11'),
 (676,73,20,9,'2017-10-08'),
 (677,164,11,1,'2017-02-12'),
 (678,104,27,9,'2017-04-28'),
 (679,200,39,10,'2020-10-24'),
 (680,17,20,2,'2017-10-24'),
 (681,155,12,10,'2018-07-02'),
 (682,149,40,7,'2020-11-25'),
 (683,182,33,2,'2019-10-11'),
 (684,177,22,7,'2017-12-30'),
 (685,12,12,3,'2016-08-01'),
 (686,177,23,9,'2021-11-03'),
 (687,94,43,9,'2016-10-31'),
 (688,46,16,7,'2016-09-21'),
 (689,105,5,10,'2017-04-12'),
 (690,6,25,3,'2022-02-23'),
 (691,123,36,6,'2021-10-28'),
 (692,95,42,5,'2014-10-23'),
 (693,77,20,7,'2022-02-01'),
 (694,19,50,6,'2020-03-17'),
 (695,28,39,9,'2015-03-16'),
 (696,112,22,7,'2016-11-29'),
 (697,115,19,3,'2019-03-25'),
 (698,116,23,10,'2016-12-16'),
 (699,150,14,8,'2020-04-30'),
 (700,176,31,7,'2018-04-26'),
 (701,120,15,2,'2020-03-13'),
 (702,200,8,2,'2014-08-10'),
 (703,11,21,5,'2017-03-04'),
 (704,128,27,2,'2019-03-17'),
 (705,31,44,2,'2016-05-15'),
 (706,144,7,1,'2019-03-01'),
 (707,127,10,10,'2019-01-13'),
 (708,115,21,3,'2017-08-27'),
 (709,183,42,8,'2017-06-12'),
 (710,108,14,9,'2014-06-25'),
 (711,145,9,8,'2018-05-04'),
 (712,117,3,8,'2021-09-19'),
 (713,189,32,6,'2015-06-26'),
 (714,100,29,8,'2018-11-05'),
 (715,197,43,3,'2016-12-09'),
 (716,99,14,8,'2021-11-13'),
 (717,92,27,8,'2020-07-20'),
 (718,26,34,3,'2020-06-23'),
 (719,150,2,8,'2017-06-09'),
 (720,29,21,8,'2020-08-02'),
 (721,195,32,6,'2015-01-02'),
 (722,94,5,8,'2020-06-14'),
 (723,52,21,8,'2018-06-01'),
 (724,52,44,5,'2016-12-28'),
 (725,164,33,1,'2016-11-09'),
 (726,157,27,10,'2014-06-08'),
 (727,69,31,9,'2015-02-11'),
 (728,200,1,8,'2019-11-28'),
 (729,101,33,5,'2014-10-01'),
 (730,64,2,8,'2017-01-19'),
 (731,40,43,3,'2018-12-15'),
 (732,70,26,3,'2018-08-27'),
 (733,156,3,6,'2016-08-09'),
 (734,13,5,2,'2018-09-13'),
 (735,16,34,6,'2020-09-09'),
 (736,85,36,9,'2022-05-02'),
 (737,196,34,4,'2017-06-10'),
 (738,173,24,5,'2020-10-01'),
 (739,1,20,1,'2015-11-03'),
 (740,24,22,10,'2014-11-17'),
 (741,81,17,7,'2022-03-09'),
 (742,10,7,7,'2019-08-02'),
 (743,67,22,6,'2019-07-12'),
 (744,14,39,4,'2018-12-07'),
 (745,120,32,8,'2018-08-19'),
 (746,112,10,8,'2018-09-13'),
 (747,138,31,6,'2015-12-28'),
 (748,126,9,10,'2015-04-15'),
 (749,191,44,8,'2019-02-07'),
 (750,129,39,10,'2021-05-01'),
 (751,1,31,3,'2017-03-27'),
 (752,20,19,10,'2016-05-01'),
 (753,171,27,8,'2019-01-11'),
 (754,119,39,3,'2021-12-18'),
 (755,131,8,8,'2017-05-05'),
 (756,185,42,4,'2019-09-10'),
 (757,129,28,5,'2021-04-20'),
 (758,60,46,2,'2021-05-26'),
 (759,44,11,5,'2015-10-22'),
 (760,75,46,10,'2021-05-26'),
 (761,93,1,9,'2021-05-05'),
 (762,38,24,4,'2015-03-16'),
 (763,187,5,9,'2022-01-07'),
 (764,153,5,1,'2016-03-16'),
 (765,143,35,9,'2016-10-13'),
 (766,163,31,6,'2015-08-23'),
 (767,114,46,8,'2015-11-11'),
 (768,58,22,1,'2020-10-05'),
 (769,112,27,5,'2019-01-15'),
 (770,73,40,10,'2021-10-29'),
 (771,191,23,4,'2019-04-30'),
 (772,142,49,10,'2018-01-03'),
 (773,12,23,9,'2015-06-07'),
 (774,15,43,8,'2020-02-19'),
 (775,79,3,8,'2017-09-03'),
 (776,10,35,3,'2020-08-28'),
 (777,88,28,6,'2022-01-17'),
 (778,23,28,5,'2019-03-16'),
 (779,112,1,6,'2016-01-25'),
 (780,155,28,2,'2018-06-11'),
 (781,57,1,5,'2018-08-26'),
 (782,153,9,3,'2014-11-04'),
 (783,116,15,7,'2016-12-21'),
 (784,139,31,5,'2018-12-09'),
 (785,130,9,5,'2022-04-10'),
 (786,94,13,1,'2022-03-18'),
 (787,21,30,2,'2020-03-19'),
 (788,178,31,1,'2018-03-02'),
 (789,10,36,9,'2020-02-01'),
 (790,119,23,9,'2014-09-23'),
 (791,45,28,1,'2018-05-26'),
 (792,160,40,9,'2017-08-08'),
 (793,8,19,5,'2022-01-15'),
 (794,69,22,8,'2016-02-03'),
 (795,62,21,2,'2017-02-09'),
 (796,40,37,5,'2016-08-28'),
 (797,102,28,3,'2014-05-11'),
 (798,151,50,10,'2018-05-20'),
 (799,1,5,10,'2019-02-01'),
 (800,2,20,5,'2015-08-04'),
 (801,80,49,2,'2015-06-04'),
 (802,58,12,9,'2019-04-23'),
 (803,90,18,10,'2022-02-02'),
 (804,141,43,9,'2015-09-15'),
 (805,151,20,6,'2016-05-08'),
 (806,64,10,6,'2014-12-09'),
 (807,101,42,6,'2015-10-21'),
 (808,129,49,4,'2018-03-30'),
 (809,9,27,5,'2017-09-08'),
 (810,64,29,9,'2016-09-14'),
 (811,148,16,2,'2014-12-08'),
 (812,21,12,6,'2018-06-11'),
 (813,82,12,5,'2022-04-12'),
 (814,101,34,9,'2019-06-13'),
 (815,126,15,6,'2020-01-03'),
 (816,45,21,9,'2017-04-08'),
 (817,193,25,9,'2020-08-19'),
 (818,53,32,8,'2014-06-27'),
 (819,3,14,7,'2020-04-22'),
 (820,58,31,10,'2019-01-20'),
 (821,75,11,8,'2019-07-05'),
 (822,85,50,3,'2016-09-20'),
 (823,40,20,8,'2018-03-06'),
 (824,77,9,1,'2021-12-05'),
 (825,63,20,5,'2019-06-08'),
 (826,6,14,10,'2020-10-16'),
 (827,8,13,9,'2022-02-05'),
 (828,196,8,1,'2016-07-12'),
 (829,165,37,2,'2019-08-31'),
 (830,80,2,6,'2020-10-23'),
 (831,1,21,3,'2019-10-09'),
 (832,200,5,1,'2018-02-01'),
 (833,173,41,1,'2014-11-05'),
 (834,181,31,1,'2015-03-16'),
 (835,67,28,5,'2014-09-14'),
 (836,67,11,7,'2017-11-18'),
 (837,14,12,4,'2020-01-15'),
 (838,132,22,5,'2014-09-05'),
 (839,14,47,6,'2017-12-28'),
 (840,198,32,6,'2019-06-17'),
 (841,12,45,4,'2015-04-02'),
 (842,15,27,4,'2020-05-19'),
 (843,157,7,8,'2017-11-04'),
 (844,147,23,9,'2017-04-17'),
 (845,74,23,4,'2018-04-15'),
 (846,150,19,4,'2018-12-16'),
 (847,168,43,4,'2017-02-02'),
 (848,7,35,10,'2018-04-09'),
 (849,6,4,7,'2015-02-09'),
 (850,172,42,7,'2019-06-10'),
 (851,150,8,7,'2020-11-11'),
 (852,166,4,6,'2016-06-12'),
 (853,162,7,8,'2016-09-15'),
 (854,111,18,10,'2014-06-20'),
 (855,84,27,6,'2022-01-01'),
 (856,26,40,6,'2017-12-15'),
 (857,126,38,3,'2015-06-15'),
 (858,62,38,4,'2021-03-15'),
 (859,16,14,10,'2014-05-15'),
 (860,28,33,6,'2020-08-23'),
 (861,121,9,1,'2021-03-23'),
 (862,125,11,4,'2020-12-08'),
 (863,142,49,10,'2015-05-01'),
 (864,123,6,7,'2018-12-20'),
 (865,90,30,4,'2017-06-29'),
 (866,32,24,2,'2016-10-28'),
 (867,84,15,4,'2019-03-11'),
 (868,1,6,6,'2020-12-28'),
 (869,123,16,4,'2019-02-17'),
 (870,194,29,8,'2016-05-22'),
 (871,97,27,3,'2018-05-07'),
 (872,42,24,6,'2018-05-10'),
 (873,37,18,9,'2018-12-19'),
 (874,69,39,2,'2016-03-16'),
 (875,179,40,9,'2018-08-01'),
 (876,73,14,2,'2019-10-18'),
 (877,35,39,6,'2014-06-15'),
 (878,122,20,3,'2016-06-06'),
 (879,60,42,5,'2015-10-31'),
 (880,85,1,1,'2015-05-07'),
 (881,103,29,6,'2017-03-08'),
 (882,174,44,1,'2019-01-03'),
 (883,75,35,9,'2015-01-20'),
 (884,18,46,5,'2019-04-02'),
 (885,116,37,4,'2016-12-21'),
 (886,98,37,1,'2020-09-09'),
 (887,98,36,5,'2015-12-01'),
 (888,108,2,10,'2022-01-09'),
 (889,145,42,1,'2021-03-16'),
 (890,67,32,6,'2017-05-22'),
 (891,14,16,1,'2017-12-31'),
 (892,41,26,6,'2020-05-17'),
 (893,57,43,1,'2014-07-18'),
 (894,82,20,4,'2017-01-28'),
 (895,164,50,1,'2019-04-27'),
 (896,41,15,1,'2021-03-14'),
 (897,145,24,6,'2020-03-23'),
 (898,102,46,1,'2019-09-10'),
 (899,99,2,8,'2020-01-01'),
 (900,123,20,5,'2021-05-02'),
 (901,89,39,5,'2016-11-26'),
 (902,104,15,3,'2018-09-06'),
 (903,85,18,10,'2014-06-02'),
 (904,110,38,9,'2016-09-14'),
 (905,31,43,6,'2021-10-19'),
 (906,17,32,3,'2019-05-20'),
 (907,177,47,6,'2018-02-28'),
 (908,21,47,7,'2017-12-19'),
 (909,193,9,4,'2017-07-20'),
 (910,63,2,5,'2014-09-21'),
 (911,161,15,10,'2016-05-27'),
 (912,73,35,10,'2021-03-29'),
 (913,197,20,6,'2017-08-04'),
 (914,154,24,4,'2016-08-25'),
 (915,138,9,5,'2017-10-01'),
 (916,46,23,3,'2019-03-01'),
 (917,186,22,1,'2017-01-10'),
 (918,173,48,3,'2019-01-31'),
 (919,33,42,10,'2015-09-18'),
 (920,108,5,8,'2016-09-26'),
 (921,54,49,4,'2018-01-26'),
 (922,19,44,8,'2020-04-14'),
 (923,101,42,6,'2021-12-24'),
 (924,36,15,3,'2015-10-07'),
 (925,118,14,4,'2018-12-12'),
 (926,7,41,9,'2022-03-08'),
 (927,11,32,1,'2021-11-27'),
 (928,83,41,7,'2017-07-01'),
 (929,40,50,7,'2014-11-19'),
 (930,178,4,5,'2015-11-27'),
 (931,77,30,4,'2017-08-09'),
 (932,174,38,4,'2019-01-12'),
 (933,106,14,2,'2015-07-27'),
 (934,145,30,4,'2018-06-05'),
 (935,139,48,9,'2022-04-21'),
 (936,62,40,4,'2018-06-03'),
 (937,107,21,5,'2018-11-02'),
 (938,102,14,3,'2016-06-10'),
 (939,148,23,2,'2018-12-11'),
 (940,184,25,9,'2016-02-02'),
 (941,65,44,2,'2016-05-29'),
 (942,28,16,10,'2019-04-03'),
 (943,68,11,10,'2016-03-25'),
 (944,29,48,9,'2016-08-20'),
 (945,45,8,8,'2017-12-03'),
 (946,114,7,1,'2019-07-06'),
 (947,134,17,10,'2020-07-27'),
 (948,80,50,7,'2014-11-07'),
 (949,83,35,6,'2014-09-06'),
 (950,111,31,3,'2014-05-27'),
 (951,27,24,9,'2022-01-13'),
 (952,27,24,2,'2017-07-25'),
 (953,132,22,7,'2020-06-29'),
 (954,65,40,9,'2019-02-11'),
 (955,114,4,4,'2016-06-17'),
 (956,9,29,6,'2019-10-20'),
 (957,148,47,6,'2021-12-12'),
 (958,184,18,3,'2018-02-28'),
 (959,195,50,7,'2021-06-02'),
 (960,189,40,9,'2016-04-16'),
 (961,130,42,10,'2015-05-26'),
 (962,185,20,8,'2015-11-30'),
 (963,29,4,6,'2018-10-27'),
 (964,170,17,9,'2016-03-16'),
 (965,58,48,7,'2018-05-01'),
 (966,139,13,3,'2017-05-03'),
 (967,52,27,8,'2020-03-11'),
 (968,63,23,3,'2017-02-07'),
 (969,94,50,3,'2016-08-15'),
 (970,79,49,10,'2020-01-29'),
 (971,59,25,10,'2018-10-11'),
 (972,93,24,4,'2020-06-09'),
 (973,159,33,7,'2015-03-14'),
 (974,86,36,3,'2017-03-03'),
 (975,52,46,6,'2021-01-20'),
 (976,190,7,10,'2020-05-19'),
 (977,186,49,9,'2017-09-16'),
 (978,157,16,9,'2018-03-20'),
 (979,101,36,7,'2019-07-06'),
 (980,73,47,1,'2017-05-09'),
 (981,32,36,6,'2018-02-05'),
 (982,95,17,8,'2015-01-28'),
 (983,114,39,3,'2021-12-19'),
 (984,75,40,9,'2019-04-14'),
 (985,33,17,7,'2016-01-26'),
 (986,158,33,5,'2017-08-24'),
 (987,191,32,2,'2018-09-05'),
 (988,115,37,1,'2017-02-07'),
 (989,175,35,10,'2015-03-19'),
 (990,90,42,9,'2016-11-02'),
 (991,24,7,5,'2015-02-18'),
 (992,122,12,2,'2021-02-07'),
 (993,94,27,3,'2022-04-03'),
 (994,79,29,10,'2022-01-15'),
 (995,44,41,1,'2016-11-13'),
 (996,158,44,10,'2021-12-11'),
 (997,93,1,1,'2016-08-30'),
 (998,198,28,9,'2016-10-28'),
 (999,185,40,6,'2020-12-21'),
 (1000,158,6,10,'2018-04-13');
INSERT INTO "products" ("id","name","quantity") VALUES (1,'Always easy',299),
 (2,'Respond Republican',391),
 (3,'Scientist debate',352),
 (4,'Practice know',301),
 (5,'Such natural three',770),
 (6,'Thank discussion',914),
 (7,'Able fish',957),
 (8,'Book less name',458),
 (9,'Report own near',806),
 (10,'Quality action',370),
 (11,'So customer hotel',351),
 (12,'Myself detail wish',199),
 (13,'Enter strategy any',400),
 (14,'Purpose manager',524),
 (15,'Child raise sense',186),
 (16,'Occur north bad',762),
 (17,'Form and myself',666),
 (18,'Everything power',579),
 (19,'Method customer',615),
 (20,'Hope catch where us',50),
 (21,'Bag future per',403),
 (22,'Ten area southern',705),
 (23,'Himself business',678),
 (24,'Get arm test',47),
 (25,'Full write arm',894),
 (26,'Drive big coach',740),
 (27,'Fill give among',910),
 (28,'Each interest',882),
 (29,'System these',345),
 (30,'If trouble civil',611),
 (31,'Production',910),
 (32,'Child back suddenly',815),
 (33,'Wish somebody road',892),
 (34,'Message civil',610),
 (35,'Race attention',132),
 (36,'Ago require former',963),
 (37,'Common develop cold',168),
 (38,'Shoulder short list',91),
 (39,'Crime general',785),
 (40,'Development might',713),
 (41,'Nor describe give',967),
 (42,'Along left star red',737),
 (43,'Picture improve',222),
 (44,'Nature thought',330),
 (45,'Party dog soon',216),
 (46,'Resource education',724),
 (47,'Painting executive',30),
 (48,'Half war magazine',302),
 (49,'Country rise teach',885),
 (50,'Officer visit',697);
INSERT INTO "users" ("login","password","idrole") VALUES ('admin','admin',1),
 ('hmvs01','cul8tr',2),
 ('hmvs02','pass4u',2);
INSERT INTO "roles" ("id","name") VALUES (1,'Admin'),
 (2,'User');
CREATE VIEW client_orders as select
  o.id,
  trim(c.firstname) || ' ' ||  trim(c.lastname) client_name, 
  c.email, 
  p.name product_name, 
  o.data,
  o.quantity
from 
  clients c, products p, orders o 
 where
  c.id = o.idclient and p.id = o.idproduct;
COMMIT;
